Workbook

Sheet Hướng dẫn
A1: Phân công công việc – Nhóm 13 – A.22 Graph-Based QA Tool
A2: Môn IS353.R11 · GVHD: Trần Hưng Nghiệp · Thời gian: 21/9/2026 – 27/12/2026 (14 tuần)
A4: Các sheet
A5: • Phân công: danh sách công việc, người phụ trách, người review, giờ ước tính, trạng thái.
A6: • Timeline: biểu đồ Gantt theo tuần, tự tô màu theo người phụ trách (lấy ngày từ sheet Phân công).
A7: • Tổng hợp: số việc, tổng giờ, giờ đã xong / còn lại của từng người (tự tính bằng công thức).
A8: • Thành viên: thông tin và vai trò chính.
A10: Cách cập nhật
A11: • Chỉ sửa các ô nền vàng nhạt: Trạng thái, Giờ ước tính, Ghi chú (sheet Phân công).
A12: • Trạng thái chọn từ danh sách: Chưa bắt đầu / Đang làm / Xong / Trễ hạn.
A13: • Thêm việc mới: chèn dòng trong bảng Phân công và điền đủ các cột; sheet Tổng hợp tự cập nhật.
A14: • Đổi ngày: sửa cột Bắt đầu / Kết thúc; Timeline tự vẽ lại.
... A19: • Phân công là đề xuất, cả nhóm xem lại và thống nhất trước khi áp dụng.

Sheet Phân công
A1: ID | B1: Tuần | C1: Bắt đầu | D1: Kết thúc | E1: Hạng mục | F1: Công việc | G1: Phụ trách | H1: Review / Hỗ trợ | I1: Mức kỹ thuật | J1: Giờ ước tính | K1: Sản phẩm bàn giao | L1: Trạng thái | M1: Ghi chú
A2: T01 | B2: 1 | C2: 46286 | D2: 46292 | E2: Dữ liệu | F2: Khảo sát đề tài, chọn dataset, cài Neo4j, nạp LDBC SF0.1, thống kê dữ liệu | G2: Bảo | I2: Cao | J2: 10 | K2: scripts/load_ldbc.py, results/graph_stats.md | L2: Xong
A3: T02 | B3: 2 | C3: 46293 | D3: 46299 | E3: Proposal | F3: Viết proposal v1, related work, chuẩn bị buổi review | G3: Bảo | H3: Cả nhóm | I3: Thấp | J3: 8 | K3: Proposal v1 | L3: Xong
A4: T03 | B4: 2 | C4: 46293 | D4: 46299 | E4: Proposal | F4: Biên tập, rà soát chính tả và định dạng proposal v1 | G4: Hương | H4: Bảo | I4: Thấp | J4: 3 | K4: Proposal v1 đã rà soát | L4: Xong
A5: T04 | B5: 3 | C5: 46300 | D5: 46306 | E5: Proposal | F5: Sửa proposal v2 theo feedback (guideline Q/A, baseline mạnh, chống rò rỉ, Groq, Appendix 3) | G5: Bảo | H5: Hương | I5: Thấp | J5: 4 | K5: Proposal v2 | L5: Đang làm
A6: T05 | B6: 3 | C6: 46300 | D6: 46306 | E6: Hạ tầng | F6: Dựng Neo4j server chung (Docker) + mạng Tailscale; viết hướng dẫn kết nối cho nhóm | G6: Khôi | H6: Bảo | I6: Cao | J6: 6 | K6: Server chạy + hướng dẫn kết nối | L6: Chưa bắt đầu
A7: T06 | B7: 3 | C7: 46300 | D7: 46306 | E7: Bộ câu hỏi QA | F7: Phổ biến guideline QA cho nhóm, ghi nhận và cập nhật quy ước khi có thắc mắc | G7: Hương | H7: Bảo | I7: Thấp | J7: 2 | K7: eval/QA_GUIDELINE.md cập nhật | L7: Chưa bắt đầu
A8: T07 | B8: 3–4 | C8: 46300 | D8: 46313 | E8: Bộ câu hỏi QA | F8: Template + Cypher gold loại lookup; kiểm tra chéo 20% câu của Khôi | G8: Bảo | H8: Ân | I8: Trung bình | J8: 6 | K8: Template lookup | L8: Chưa bắt đầu
A9: T08 | B9: 3–4 | C9: 46300 | D9: 46313 | E9: Bộ câu hỏi QA | F9: Template + Cypher gold loại aggregation; kiểm tra chéo 20% câu của Vũ | G9: Bằng | H9: Vũ | I9: Cao | J9: 8 | K9: Template aggregation | L9: Chưa bắt đầu
A10: T09 | B10: 3–4 | C10: 46300 | D10: 46313 | E10: Bộ câu hỏi QA | F10: Template + Cypher gold loại multi_hop; kiểm tra chéo 20% câu của Bằng | G10: Vũ | H10: Bằng | I10: Cao | J10: 8 | K10: Template multi_hop | L10: Chưa bắt đầu
A11: T10 | B11: 3–4 | C11: 46300 | D11: 46313 | E11: Bộ câu hỏi QA | F11: Template + Cypher gold loại path; kiểm tra chéo 20% câu của Bảo | G11: Ân | H11: Khôi | I11: Cao | J11: 8 | K11: Template path | L11: Chưa bắt đầu
A12: T11 | B12: 3–4 | C12: 46300 | D12: 46313 | E12: Bộ câu hỏi QA | F12: Template + Cypher gold loại temporal; kiểm tra chéo 20% câu của Ân | G12: Khôi | H12: Bảo | I12: Cao | J12: 8 | K12: Template temporal | L12: Chưa bắt đầu
A13: T12 | B13: 3–4 | C13: 46300 | D13: 46313 | E13: Bộ câu hỏi QA | F13: Viết 2–3 cách diễn đạt tự nhiên cho mọi template; rà soát câu hỏi không lộ tên nhãn/thuộc tính kỹ thuật | G13: Hương | H13: Cả nhóm | I13: Thấp | J13: 8 | K13: Bảng câu hỏi đã diễn đạt lại | L13: Chưa bắt đầu
A14: T13 | B14: 4 | C14: 46307 | D14: 46313 | E14: Bộ câu hỏi QA | F14: Script sinh câu (seed cố định), lọc tự động, chia dev/test theo template, đóng băng test (SHA-256) | G14: Bảo | H14: Vũ | I14: Trung bình | J14: 6 | K14: dev.json, test.json + mã băm | L14: Chưa bắt đầu
... A44: T43 | B44: 13–14 | C44: 46370 | D44: 46383 | E44: Bàn giao | F44: Chuẩn bị demo trực tiếp và video demo dự phòng | G44: Khôi | H44: Hương | I44: Trung bình | J44: 4 | K44: Video demo | L44: Chưa bắt đầu

Sheet Timeline
A1: ID | B1: Công việc | C1: Phụ trách | D1: T1 | E1: T2 | F1: T3 | G1: T4 | H1: T5 | I1: T6 | J1: T7 | K1: T8 | L1: T9 | M1: T10 | N1: T11 | O1: T12 | P1: T13 | Q1: T14
B2: Tuần bắt đầu (thứ Hai) → | D2: 46286 | E2: 46293 | F2: 46300 | G2: 46307 | H2: 46314 | I2: 46321 | J2: 46328 | K2: 46335 | L2: 46342 | M2: 46349 | N2: 46356 | O2: 46363 | P2: 46370 | Q2: 46377
A3: ='Phân công'!A2 -> T01 | B3: ='Phân công'!F2 -> Khảo sát đề tài, chọn dataset, cài Neo4j, nạp LDBC SF0.1, thống kê dữ liệu | C3: ='Phân công'!G2 -> Bảo | D3: =IF(AND('Phân công'!$C2<=D$2+6,'Phân công'!$D2>=D$2),IF('Phân công'!$L2="Xong","✓","■"),"") -> ✓ | E3: =IF(AND('Phân công'!$C2<=E$2+6,'Phân công'!$D2>=E$2),IF('Phân công'!$L2="Xong","✓","■"),"") | F3: =IF(AND('Phân công'!$C2<=F$2+6,'Phân công'!$D2>=F$2),IF('Phân công'!$L2="Xong","✓","■"),"") | G3: =IF(AND('Phân công'!$C2<=G$2+6,'Phân công'!$D2>=G$2),IF('Phân công'!$L2="Xong","✓","■"),"") | H3: =IF(AND('Phân công'!$C2<=H$2+6,'Phân công'!$D2>=H$2),IF('Phân công'!$L2="Xong","✓","■"),"") | I3: =IF(AND('Phân công'!$C2<=I$2+6,'Phân công'!$D2>=I$2),IF('Phân công'!$L2="Xong","✓","■"),"") | J3: =IF(AND('Phân công'!$C2<=J$2+6,'Phân công'!$D2>=J$2),IF('Phân công'!$L2="Xong","✓","■"),"") | K3: =IF(AND('Phân công'!$C2<=K$2+6,'Phân công'!$D2>=K$2),IF('Phân công'!$L2="Xong","✓","■"),"") | ... Q3: =IF(AND('Phân công'!$C2<=Q$2+6,'Phân công'!$D2>=Q$2),IF('Phân công'!$L2="Xong","✓","■"),"")
A4: ='Phân công'!A3 -> T02 | B4: ='Phân công'!F3 -> Viết proposal v1, related work, chuẩn bị buổi review | C4: ='Phân công'!G3 -> Bảo | D4: =IF(AND('Phân công'!$C3<=D$2+6,'Phân công'!$D3>=D$2),IF('Phân công'!$L3="Xong","✓","■"),"") | E4: =IF(AND('Phân công'!$C3<=E$2+6,'Phân công'!$D3>=E$2),IF('Phân công'!$L3="Xong","✓","■"),"") -> ✓ | F4: =IF(AND('Phân công'!$C3<=F$2+6,'Phân công'!$D3>=F$2),IF('Phân công'!$L3="Xong","✓","■"),"") | G4: =IF(AND('Phân công'!$C3<=G$2+6,'Phân công'!$D3>=G$2),IF('Phân công'!$L3="Xong","✓","■"),"") | H4: =IF(AND('Phân công'!$C3<=H$2+6,'Phân công'!$D3>=H$2),IF('Phân công'!$L3="Xong","✓","■"),"") | I4: =IF(AND('Phân công'!$C3<=I$2+6,'Phân công'!$D3>=I$2),IF('Phân công'!$L3="Xong","✓","■"),"") | J4: =IF(AND('Phân công'!$C3<=J$2+6,'Phân công'!$D3>=J$2),IF('Phân công'!$L3="Xong","✓","■"),"") | K4: =IF(AND('Phân công'!$C3<=K$2+6,'Phân công'!$D3>=K$2),IF('Phân công'!$L3="Xong","✓","■"),"") | ... Q4: =IF(AND('Phân công'!$C3<=Q$2+6,'Phân công'!$D3>=Q$2),IF('Phân công'!$L3="Xong","✓","■"),"")
A5: ='Phân công'!A4 -> T03 | B5: ='Phân công'!F4 -> Biên tập, rà soát chính tả và định dạng proposal v1 | C5: ='Phân công'!G4 -> Hương | D5: =IF(AND('Phân công'!$C4<=D$2+6,'Phân công'!$D4>=D$2),IF('Phân công'!$L4="Xong","✓","■"),"") | E5: =IF(AND('Phân công'!$C4<=E$2+6,'Phân công'!$D4>=E$2),IF('Phân công'!$L4="Xong","✓","■"),"") -> ✓ | F5: =IF(AND('Phân công'!$C4<=F$2+6,'Phân công'!$D4>=F$2),IF('Phân công'!$L4="Xong","✓","■"),"") | G5: =IF(AND('Phân công'!$C4<=G$2+6,'Phân công'!$D4>=G$2),IF('Phân công'!$L4="Xong","✓","■"),"") | H5: =IF(AND('Phân công'!$C4<=H$2+6,'Phân công'!$D4>=H$2),IF('Phân công'!$L4="Xong","✓","■"),"") | I5: =IF(AND('Phân công'!$C4<=I$2+6,'Phân công'!$D4>=I$2),IF('Phân công'!$L4="Xong","✓","■"),"") | J5: =IF(AND('Phân công'!$C4<=J$2+6,'Phân công'!$D4>=J$2),IF('Phân công'!$L4="Xong","✓","■"),"") | K5: =IF(AND('Phân công'!$C4<=K$2+6,'Phân công'!$D4>=K$2),IF('Phân công'!$L4="Xong","✓","■"),"") | ... Q5: =IF(AND('Phân công'!$C4<=Q$2+6,'Phân công'!$D4>=Q$2),IF('Phân công'!$L4="Xong","✓","■"),"")
A6: ='Phân công'!A5 -> T04 | B6: ='Phân công'!F5 -> Sửa proposal v2 theo feedback (guideline Q/A, baseline mạnh, chống rò rỉ, Groq, Appendix 3) | C6: ='Phân công'!G5 -> Bảo | D6: =IF(AND('Phân công'!$C5<=D$2+6,'Phân công'!$D5>=D$2),IF('Phân công'!$L5="Xong","✓","■"),"") | E6: =IF(AND('Phân công'!$C5<=E$2+6,'Phân công'!$D5>=E$2),IF('Phân công'!$L5="Xong","✓","■"),"") | F6: =IF(AND('Phân công'!$C5<=F$2+6,'Phân công'!$D5>=F$2),IF('Phân công'!$L5="Xong","✓","■"),"") -> ■ | G6: =IF(AND('Phân công'!$C5<=G$2+6,'Phân công'!$D5>=G$2),IF('Phân công'!$L5="Xong","✓","■"),"") | H6: =IF(AND('Phân công'!$C5<=H$2+6,'Phân công'!$D5>=H$2),IF('Phân công'!$L5="Xong","✓","■"),"") | I6: =IF(AND('Phân công'!$C5<=I$2+6,'Phân công'!$D5>=I$2),IF('Phân công'!$L5="Xong","✓","■"),"") | J6: =IF(AND('Phân công'!$C5<=J$2+6,'Phân công'!$D5>=J$2),IF('Phân công'!$L5="Xong","✓","■"),"") | K6: =IF(AND('Phân công'!$C5<=K$2+6,'Phân công'!$D5>=K$2),IF('Phân công'!$L5="Xong","✓","■"),"") | ... Q6: =IF(AND('Phân công'!$C5<=Q$2+6,'Phân công'!$D5>=Q$2),IF('Phân công'!$L5="Xong","✓","■"),"")
A7: ='Phân công'!A6 -> T05 | B7: ='Phân công'!F6 -> Dựng Neo4j server chung (Docker) + mạng Tailscale; viết hướng dẫn kết nối cho nhóm | C7: ='Phân công'!G6 -> Khôi | D7: =IF(AND('Phân công'!$C6<=D$2+6,'Phân công'!$D6>=D$2),IF('Phân công'!$L6="Xong","✓","■"),"") | E7: =IF(AND('Phân công'!$C6<=E$2+6,'Phân công'!$D6>=E$2),IF('Phân công'!$L6="Xong","✓","■"),"") | F7: =IF(AND('Phân công'!$C6<=F$2+6,'Phân công'!$D6>=F$2),IF('Phân công'!$L6="Xong","✓","■"),"") -> ■ | G7: =IF(AND('Phân công'!$C6<=G$2+6,'Phân công'!$D6>=G$2),IF('Phân công'!$L6="Xong","✓","■"),"") | H7: =IF(AND('Phân công'!$C6<=H$2+6,'Phân công'!$D6>=H$2),IF('Phân công'!$L6="Xong","✓","■"),"") | I7: =IF(AND('Phân công'!$C6<=I$2+6,'Phân công'!$D6>=I$2),IF('Phân công'!$L6="Xong","✓","■"),"") | J7: =IF(AND('Phân công'!$C6<=J$2+6,'Phân công'!$D6>=J$2),IF('Phân công'!$L6="Xong","✓","■"),"") | K7: =IF(AND('Phân công'!$C6<=K$2+6,'Phân công'!$D6>=K$2),IF('Phân công'!$L6="Xong","✓","■"),"") | ... Q7: =IF(AND('Phân công'!$C6<=Q$2+6,'Phân công'!$D6>=Q$2),IF('Phân công'!$L6="Xong","✓","■"),"")
A8: ='Phân công'!A7 -> T06 | B8: ='Phân công'!F7 -> Phổ biến guideline QA cho nhóm, ghi nhận và cập nhật quy ước khi có thắc mắc | C8: ='Phân công'!G7 -> Hương | D8: =IF(AND('Phân công'!$C7<=D$2+6,'Phân công'!$D7>=D$2),IF('Phân công'!$L7="Xong","✓","■"),"") | E8: =IF(AND('Phân công'!$C7<=E$2+6,'Phân công'!$D7>=E$2),IF('Phân công'!$L7="Xong","✓","■"),"") | F8: =IF(AND('Phân công'!$C7<=F$2+6,'Phân công'!$D7>=F$2),IF('Phân công'!$L7="Xong","✓","■"),"") -> ■ | G8: =IF(AND('Phân công'!$C7<=G$2+6,'Phân công'!$D7>=G$2),IF('Phân công'!$L7="Xong","✓","■"),"") | H8: =IF(AND('Phân công'!$C7<=H$2+6,'Phân công'!$D7>=H$2),IF('Phân công'!$L7="Xong","✓","■"),"") | I8: =IF(AND('Phân công'!$C7<=I$2+6,'Phân công'!$D7>=I$2),IF('Phân công'!$L7="Xong","✓","■"),"") | J8: =IF(AND('Phân công'!$C7<=J$2+6,'Phân công'!$D7>=J$2),IF('Phân công'!$L7="Xong","✓","■"),"") | K8: =IF(AND('Phân công'!$C7<=K$2+6,'Phân công'!$D7>=K$2),IF('Phân công'!$L7="Xong","✓","■"),"") | ... Q8: =IF(AND('Phân công'!$C7<=Q$2+6,'Phân công'!$D7>=Q$2),IF('Phân công'!$L7="Xong","✓","■"),"")
A9: ='Phân công'!A8 -> T07 | B9: ='Phân công'!F8 -> Template + Cypher gold loại lookup; kiểm tra chéo 20% câu của Khôi | C9: ='Phân công'!G8 -> Bảo | D9: =IF(AND('Phân công'!$C8<=D$2+6,'Phân công'!$D8>=D$2),IF('Phân công'!$L8="Xong","✓","■"),"") | E9: =IF(AND('Phân công'!$C8<=E$2+6,'Phân công'!$D8>=E$2),IF('Phân công'!$L8="Xong","✓","■"),"") | F9: =IF(AND('Phân công'!$C8<=F$2+6,'Phân công'!$D8>=F$2),IF('Phân công'!$L8="Xong","✓","■"),"") -> ■ | G9: =IF(AND('Phân công'!$C8<=G$2+6,'Phân công'!$D8>=G$2),IF('Phân công'!$L8="Xong","✓","■"),"") -> ■ | H9: =IF(AND('Phân công'!$C8<=H$2+6,'Phân công'!$D8>=H$2),IF('Phân công'!$L8="Xong","✓","■"),"") | I9: =IF(AND('Phân công'!$C8<=I$2+6,'Phân công'!$D8>=I$2),IF('Phân công'!$L8="Xong","✓","■"),"") | J9: =IF(AND('Phân công'!$C8<=J$2+6,'Phân công'!$D8>=J$2),IF('Phân công'!$L8="Xong","✓","■"),"") | K9: =IF(AND('Phân công'!$C8<=K$2+6,'Phân công'!$D8>=K$2),IF('Phân công'!$L8="Xong","✓","■"),"") | ... Q9: =IF(AND('Phân công'!$C8<=Q$2+6,'Phân công'!$D8>=Q$2),IF('Phân công'!$L8="Xong","✓","■"),"")
A10: ='Phân công'!A9 -> T08 | B10: ='Phân công'!F9 -> Template + Cypher gold loại aggregation; kiểm tra chéo 20% câu của Vũ | C10: ='Phân công'!G9 -> Bằng | D10: =IF(AND('Phân công'!$C9<=D$2+6,'Phân công'!$D9>=D$2),IF('Phân công'!$L9="Xong","✓","■"),"") | E10: =IF(AND('Phân công'!$C9<=E$2+6,'Phân công'!$D9>=E$2),IF('Phân công'!$L9="Xong","✓","■"),"") | F10: =IF(AND('Phân công'!$C9<=F$2+6,'Phân công'!$D9>=F$2),IF('Phân công'!$L9="Xong","✓","■"),"") -> ■ | G10: =IF(AND('Phân công'!$C9<=G$2+6,'Phân công'!$D9>=G$2),IF('Phân công'!$L9="Xong","✓","■"),"") -> ■ | H10: =IF(AND('Phân công'!$C9<=H$2+6,'Phân công'!$D9>=H$2),IF('Phân công'!$L9="Xong","✓","■"),"") | I10: =IF(AND('Phân công'!$C9<=I$2+6,'Phân công'!$D9>=I$2),IF('Phân công'!$L9="Xong","✓","■"),"") | J10: =IF(AND('Phân công'!$C9<=J$2+6,'Phân công'!$D9>=J$2),IF('Phân công'!$L9="Xong","✓","■"),"") | K10: =IF(AND('Phân công'!$C9<=K$2+6,'Phân công'!$D9>=K$2),IF('Phân công'!$L9="Xong","✓","■"),"") | ... Q10: =IF(AND('Phân công'!$C9<=Q$2+6,'Phân công'!$D9>=Q$2),IF('Phân công'!$L9="Xong","✓","■"),"")
A11: ='Phân công'!A10 -> T09 | B11: ='Phân công'!F10 -> Template + Cypher gold loại multi_hop; kiểm tra chéo 20% câu của Bằng | C11: ='Phân công'!G10 -> Vũ | D11: =IF(AND('Phân công'!$C10<=D$2+6,'Phân công'!$D10>=D$2),IF('Phân công'!$L10="Xong","✓","■"),"") | E11: =IF(AND('Phân công'!$C10<=E$2+6,'Phân công'!$D10>=E$2),IF('Phân công'!$L10="Xong","✓","■"),"") | F11: =IF(AND('Phân công'!$C10<=F$2+6,'Phân công'!$D10>=F$2),IF('Phân công'!$L10="Xong","✓","■"),"") -> ■ | G11: =IF(AND('Phân công'!$C10<=G$2+6,'Phân công'!$D10>=G$2),IF('Phân công'!$L10="Xong","✓","■"),"") -> ■ | H11: =IF(AND('Phân công'!$C10<=H$2+6,'Phân công'!$D10>=H$2),IF('Phân công'!$L10="Xong","✓","■"),"") | I11: =IF(AND('Phân công'!$C10<=I$2+6,'Phân công'!$D10>=I$2),IF('Phân công'!$L10="Xong","✓","■"),"") | J11: =IF(AND('Phân công'!$C10<=J$2+6,'Phân công'!$D10>=J$2),IF('Phân công'!$L10="Xong","✓","■"),"") | K11: =IF(AND('Phân công'!$C10<=K$2+6,'Phân công'!$D10>=K$2),IF('Phân công'!$L10="Xong","✓","■"),"") | ... Q11: =IF(AND('Phân công'!$C10<=Q$2+6,'Phân công'!$D10>=Q$2),IF('Phân công'!$L10="Xong","✓","■"),"")
A12: ='Phân công'!A11 -> T10 | B12: ='Phân công'!F11 -> Template + Cypher gold loại path; kiểm tra chéo 20% câu của Bảo | C12: ='Phân công'!G11 -> Ân | D12: =IF(AND('Phân công'!$C11<=D$2+6,'Phân công'!$D11>=D$2),IF('Phân công'!$L11="Xong","✓","■"),"") | E12: =IF(AND('Phân công'!$C11<=E$2+6,'Phân công'!$D11>=E$2),IF('Phân công'!$L11="Xong","✓","■"),"") | F12: =IF(AND('Phân công'!$C11<=F$2+6,'Phân công'!$D11>=F$2),IF('Phân công'!$L11="Xong","✓","■"),"") -> ■ | G12: =IF(AND('Phân công'!$C11<=G$2+6,'Phân công'!$D11>=G$2),IF('Phân công'!$L11="Xong","✓","■"),"") -> ■ | H12: =IF(AND('Phân công'!$C11<=H$2+6,'Phân công'!$D11>=H$2),IF('Phân công'!$L11="Xong","✓","■"),"") | I12: =IF(AND('Phân công'!$C11<=I$2+6,'Phân công'!$D11>=I$2),IF('Phân công'!$L11="Xong","✓","■"),"") | J12: =IF(AND('Phân công'!$C11<=J$2+6,'Phân công'!$D11>=J$2),IF('Phân công'!$L11="Xong","✓","■"),"") | K12: =IF(AND('Phân công'!$C11<=K$2+6,'Phân công'!$D11>=K$2),IF('Phân công'!$L11="Xong","✓","■"),"") | ... Q12: =IF(AND('Phân công'!$C11<=Q$2+6,'Phân công'!$D11>=Q$2),IF('Phân công'!$L11="Xong","✓","■"),"")
A13: ='Phân công'!A12 -> T11 | B13: ='Phân công'!F12 -> Template + Cypher gold loại temporal; kiểm tra chéo 20% câu của Ân | C13: ='Phân công'!G12 -> Khôi | D13: =IF(AND('Phân công'!$C12<=D$2+6,'Phân công'!$D12>=D$2),IF('Phân công'!$L12="Xong","✓","■"),"") | E13: =IF(AND('Phân công'!$C12<=E$2+6,'Phân công'!$D12>=E$2),IF('Phân công'!$L12="Xong","✓","■"),"") | F13: =IF(AND('Phân công'!$C12<=F$2+6,'Phân công'!$D12>=F$2),IF('Phân công'!$L12="Xong","✓","■"),"") -> ■ | G13: =IF(AND('Phân công'!$C12<=G$2+6,'Phân công'!$D12>=G$2),IF('Phân công'!$L12="Xong","✓","■"),"") -> ■ | H13: =IF(AND('Phân công'!$C12<=H$2+6,'Phân công'!$D12>=H$2),IF('Phân công'!$L12="Xong","✓","■"),"") | I13: =IF(AND('Phân công'!$C12<=I$2+6,'Phân công'!$D12>=I$2),IF('Phân công'!$L12="Xong","✓","■"),"") | J13: =IF(AND('Phân công'!$C12<=J$2+6,'Phân công'!$D12>=J$2),IF('Phân công'!$L12="Xong","✓","■"),"") | K13: =IF(AND('Phân công'!$C12<=K$2+6,'Phân công'!$D12>=K$2),IF('Phân công'!$L12="Xong","✓","■"),"") | ... Q13: =IF(AND('Phân công'!$C12<=Q$2+6,'Phân công'!$D12>=Q$2),IF('Phân công'!$L12="Xong","✓","■"),"")
A14: ='Phân công'!A13 -> T12 | B14: ='Phân công'!F13 -> Viết 2–3 cách diễn đạt tự nhiên cho mọi template; rà soát câu hỏi không lộ tên nhãn/thuộc tính kỹ thuật | C14: ='Phân công'!G13 -> Hương | D14: =IF(AND('Phân công'!$C13<=D$2+6,'Phân công'!$D13>=D$2),IF('Phân công'!$L13="Xong","✓","■"),"") | E14: =IF(AND('Phân công'!$C13<=E$2+6,'Phân công'!$D13>=E$2),IF('Phân công'!$L13="Xong","✓","■"),"") | F14: =IF(AND('Phân công'!$C13<=F$2+6,'Phân công'!$D13>=F$2),IF('Phân công'!$L13="Xong","✓","■"),"") -> ■ | G14: =IF(AND('Phân công'!$C13<=G$2+6,'Phân công'!$D13>=G$2),IF('Phân công'!$L13="Xong","✓","■"),"") -> ■ | H14: =IF(AND('Phân công'!$C13<=H$2+6,'Phân công'!$D13>=H$2),IF('Phân công'!$L13="Xong","✓","■"),"") | I14: =IF(AND('Phân công'!$C13<=I$2+6,'Phân công'!$D13>=I$2),IF('Phân công'!$L13="Xong","✓","■"),"") | J14: =IF(AND('Phân công'!$C13<=J$2+6,'Phân công'!$D13>=J$2),IF('Phân công'!$L13="Xong","✓","■"),"") | K14: =IF(AND('Phân công'!$C13<=K$2+6,'Phân công'!$D13>=K$2),IF('Phân công'!$L13="Xong","✓","■"),"") | ... Q14: =IF(AND('Phân công'!$C13<=Q$2+6,'Phân công'!$D13>=Q$2),IF('Phân công'!$L13="Xong","✓","■"),"")
... A45: ='Phân công'!A44 -> T43 | B45: ='Phân công'!F44 -> Chuẩn bị demo trực tiếp và video demo dự phòng | C45: ='Phân công'!G44 -> Khôi | D45: =IF(AND('Phân công'!$C44<=D$2+6,'Phân công'!$D44>=D$2),IF('Phân công'!$L44="Xong","✓","■"),"") | E45: =IF(AND('Phân công'!$C44<=E$2+6,'Phân công'!$D44>=E$2),IF('Phân công'!$L44="Xong","✓","■"),"") | F45: =IF(AND('Phân công'!$C44<=F$2+6,'Phân công'!$D44>=F$2),IF('Phân công'!$L44="Xong","✓","■"),"") | G45: =IF(AND('Phân công'!$C44<=G$2+6,'Phân công'!$D44>=G$2),IF('Phân công'!$L44="Xong","✓","■"),"") | H45: =IF(AND('Phân công'!$C44<=H$2+6,'Phân công'!$D44>=H$2),IF('Phân công'!$L44="Xong","✓","■"),"") | I45: =IF(AND('Phân công'!$C44<=I$2+6,'Phân công'!$D44>=I$2),IF('Phân công'!$L44="Xong","✓","■"),"") | J45: =IF(AND('Phân công'!$C44<=J$2+6,'Phân công'!$D44>=J$2),IF('Phân công'!$L44="Xong","✓","■"),"") | K45: =IF(AND('Phân công'!$C44<=K$2+6,'Phân công'!$D44>=K$2),IF('Phân công'!$L44="Xong","✓","■"),"") | ... Q45: =IF(AND('Phân công'!$C44<=Q$2+6,'Phân công'!$D44>=Q$2),IF('Phân công'!$L44="Xong","✓","■"),"") -> ■
B47: Chú thích màu (người phụ trách) · ■ = đang/sắp làm · ✓ = đã xong
B48: Nguyễn Gia Bảo | C48: Bảo
B49: Thái Văn Vũ | C49: Vũ
B50: Phạm Bá Bằng | C50: Bằng
B51: Nguyễn Lan Hương | C51: Hương
B52: Đặng Thiên Ân | C52: Ân
B53: Nguyễn Hữu Minh Khôi | C53: Khôi

Sheet Tổng hợp
A1: Thành viên | B1: Số việc | C1: Việc mức Cao | D1: Tổng giờ | E1: Giờ đã xong | F1: Giờ còn lại | G1: % hoàn thành | H1: % tổng khối lượng | I1: Vai trò chính
A2: Bảo | B2: =COUNTIF('Phân công'!$G$2:$G$94,A2) -> 9 | C2: =COUNTIFS('Phân công'!$G$2:$G$94,A2,'Phân công'!$I$2:$I$94,"Cao") -> 2 | D2: =SUMIF('Phân công'!$G$2:$G$94,A2,'Phân công'!$J$2:$J$94) -> 51 | E2: =SUMIFS('Phân công'!$J$2:$J$94,'Phân công'!$G$2:$G$94,A2,'Phân công'!$L$2:$L$94,"Xong") -> 18 | F2: =D2-E2 -> 33 | G2: =IF(D2=0,0,E2/D2) -> 0.35294118 | H2: =IF($D$8=0,0,D2/$D$8) -> 0.19391635 | I2: Trưởng nhóm, điều phối; dữ liệu & pipeline đánh giá; script chạy theo lô
A3: Vũ | B3: =COUNTIF('Phân công'!$G$2:$G$94,A3) -> 7 | C3: =COUNTIFS('Phân công'!$G$2:$G$94,A3,'Phân công'!$I$2:$I$94,"Cao") -> 5 | D3: =SUMIF('Phân công'!$G$2:$G$94,A3,'Phân công'!$J$2:$J$94) -> 45 | E3: =SUMIFS('Phân công'!$J$2:$J$94,'Phân công'!$G$2:$G$94,A3,'Phân công'!$L$2:$L$94,"Xong") -> 0 | F3: =D3-E3 -> 45 | G3: =IF(D3=0,0,E3/D3) -> 0 | H3: =IF($D$8=0,0,D3/$D$8) -> 0.17110266 | I3: Baseline B0 và B2; few-shot (C); E3; dọn mã nguồn
A4: Bằng | B4: =COUNTIF('Phân công'!$G$2:$G$94,A4) -> 5 | C4: =COUNTIFS('Phân công'!$G$2:$G$94,A4,'Phân công'!$I$2:$I$94,"Cao") -> 4 | D4: =SUMIF('Phân công'!$G$2:$G$94,A4,'Phân công'!$J$2:$J$94) -> 40 | E4: =SUMIFS('Phân công'!$J$2:$J$94,'Phân công'!$G$2:$G$94,A4,'Phân công'!$L$2:$L$94,"Xong") -> 0 | F4: =D4-E4 -> 40 | G4: =IF(D4=0,0,E4/D4) -> 0 | H4: =IF($D$8=0,0,D4/$D$8) -> 0.15209125 | I4: LÕI: tự sửa lỗi + sinh câu trả lời (D); tích hợp pipeline đề xuất; E1 so sánh chính + B3
A5: Hương | B5: =COUNTIF('Phân công'!$G$2:$G$94,A5) -> 10 | C5: =COUNTIFS('Phân công'!$G$2:$G$94,A5,'Phân công'!$I$2:$I$94,"Cao") -> 0 | D5: =SUMIF('Phân công'!$G$2:$G$94,A5,'Phân công'!$J$2:$J$94) -> 45 | E5: =SUMIFS('Phân công'!$J$2:$J$94,'Phân công'!$G$2:$G$94,A5,'Phân công'!$L$2:$L$94,"Xong") -> 3 | F5: =D5-E5 -> 42 | G5: =IF(D5=0,0,E5/D5) -> 0.066666667 | H5: =IF($D$8=0,0,D5/$D$8) -> 0.17110266 | I5: Câu hỏi tự nhiên & kiểm tra chéo; chấm tay; gán nhãn lỗi; biên tập báo cáo, slide
A6: Ân | B6: =COUNTIF('Phân công'!$G$2:$G$94,A6) -> 6 | C6: =COUNTIFS('Phân công'!$G$2:$G$94,A6,'Phân công'!$I$2:$I$94,"Cao") -> 5 | D6: =SUMIF('Phân công'!$G$2:$G$94,A6,'Phân công'!$J$2:$J$94) -> 42 | E6: =SUMIFS('Phân công'!$J$2:$J$94,'Phân công'!$G$2:$G$94,A6,'Phân công'!$L$2:$L$94,"Xong") -> 0 | F6: =D6-E6 -> 42 | G6: =IF(D6=0,0,E6/D6) -> 0 | H6: =IF($D$8=0,0,D6/$D$8) -> 0.15969582 | I6: LÕI: liên kết thực thể (B); kiểm thử bộ chấm điểm; E2 ablation; phân tích nguyên nhân lỗi
A7: Khôi | B7: =COUNTIF('Phân công'!$G$2:$G$94,A7) -> 6 | C7: =COUNTIFS('Phân công'!$G$2:$G$94,A7,'Phân công'!$I$2:$I$94,"Cao") -> 4 | D7: =SUMIF('Phân công'!$G$2:$G$94,A7,'Phân công'!$J$2:$J$94) -> 40 | E7: =SUMIFS('Phân công'!$J$2:$J$94,'Phân công'!$G$2:$G$94,A7,'Phân công'!$L$2:$L$94,"Xong") -> 0 | F7: =D7-E7 -> 40 | G7: =IF(D7=0,0,E7/D7) -> 0 | H7: =IF($D$8=0,0,D7/$D$8) -> 0.15209125 | I7: Neo4j server chung; schema chi tiết (A); giao diện Streamlit; demo
A8: Tổng | B8: =SUM(B2:B7) -> 43 | C8: =SUM(C2:C7) -> 20 | D8: =SUM(D2:D7) -> 263 | E8: =SUM(E2:E7) -> 21 | F8: =SUM(F2:F7) -> 242 | G8: =IF(D8=0,0,E8/D8) -> 0.079847909 | H8: =SUM(H2:H7) -> 1
A10: Ghi chú: mọi số liệu tự tính từ sheet Phân công. Kiểm tra chéo câu hỏi theo vòng Bảo → Khôi → Ân → Bảo và Bằng ↔ Vũ. Giờ là ước tính để cân bằng khối lượng; Bảo có thêm ~18 giờ đã làm ở tuần 1–2.

Sheet Thành viên
A1: Tên gọi | B1: Họ tên | C1: MSSV | D1: Email | E1: Vai trò chính
A2: Bảo | B2: Nguyễn Gia Bảo | C2: 23520121 | D2: 23520121@gm.uit.edu.vn | E2: Trưởng nhóm, điều phối; dữ liệu & pipeline đánh giá; script chạy theo lô
A3: Vũ | B3: Thái Văn Vũ | C3: 23521816 | D3: 23521816@gm.uit.edu.vn | E3: Baseline B0 và B2; few-shot (C); E3; dọn mã nguồn
A4: Bằng | B4: Phạm Bá Bằng | C4: 23520090 | D4: 23520090@gm.uit.edu.vn | E4: LÕI: tự sửa lỗi + sinh câu trả lời (D); tích hợp pipeline đề xuất; E1 so sánh chính + B3
A5: Hương | B5: Nguyễn Lan Hương | C5: 23520588 | D5: 23520588@gm.uit.edu.vn | E5: Câu hỏi tự nhiên & kiểm tra chéo; chấm tay; gán nhãn lỗi; biên tập báo cáo, slide
A6: Ân | B6: Đặng Thiên Ân | C6: 23520003 | D6: 23520003@gm.uit.edu.vn | E6: LÕI: liên kết thực thể (B); kiểm thử bộ chấm điểm; E2 ablation; phân tích nguyên nhân lỗi
A7: Khôi | B7: Nguyễn Hữu Minh Khôi | C7: 23520775 | D7: 23520775@gm.uit.edu.vn | E7: Neo4j server chung; schema chi tiết (A); giao diện Streamlit; demo
A9: Nguồn: danh sách thành viên trong proposal và DS_ThanhVien.md.
